{
  "afternoon_weekday": {
    "count": 8125,
    "distributions": {
      "category": {
        "D\u1ee5ng c\u1ee5 nh\u00e0 b\u1ebfp": 0.19163076923076924,
        "D\u1ee5ng c\u1ee5 & Thi\u1ebft b\u1ecb ti\u1ec7n \u00edch": 0.12061538461538461,
        "\u0110\u00e8n & thi\u1ebft b\u1ecb chi\u1ebfu s\u00e1ng": 0.10326153846153846,
        "S\u1eeda ch\u1eefa nh\u00e0 c\u1eeda": 0.10252307692307693,
        "\u0110\u1ed3 d\u00f9ng ph\u00f2ng \u0103n": 0.0900923076923077,
        "Nh\u1ea1c c\u1ee5": 0.0864,
        "\u0110\u1ed3 d\u00f9ng & thi\u1ebft b\u1ecb nh\u00e0 t\u1eafm": 0.06744615384615385,
        "Ngo\u00e0i tr\u1eddi & s\u00e2n v\u01b0\u1eddn": 0.06596923076923077,
        "Trang tr\u00ed nh\u00e0 c\u1eeda": 0.060061538461538465,
        "\u0110\u1ed3 d\u00f9ng ph\u00f2ng ng\u1ee7": 0.05981538461538462,
        "\u0110\u1ed3 th\u1edd c\u00fang": 0.034953846153846155,
        "N\u1ed9i th\u1ea5t": 0.01723076923076923
      },
      "price_bucket": {
        "low_<100k": 0.48726153846153847,
        "mid_100k_300k": 0.28073846153846155,
        "mid_high_300k_700k": 0.1184,
        "high_>700k": 0.1136
      },
      "rating_level": {
        "High": 0.7222153846153846,
        "Unknown": 0.15827692307692307,
        "Medium": 0.10892307692307693,
        "Low": 0.010584615384615385
      }
    }
  },
  "afternoon_weekend": {
    "count": 3208,
    "distributions": {
      "category": {
        "D\u1ee5ng c\u1ee5 nh\u00e0 b\u1ebfp": 0.1935785536159601,
        "D\u1ee5ng c\u1ee5 & Thi\u1ebft b\u1ecb ti\u1ec7n \u00edch": 0.128428927680798,
        "S\u1eeda ch\u1eefa nh\u00e0 c\u1eeda": 0.10754364089775562,
        "\u0110\u1ed3 d\u00f9ng ph\u00f2ng \u0103n": 0.09819201995012469,
        "\u0110\u00e8n & thi\u1ebft b\u1ecb chi\u1ebfu s\u00e1ng": 0.09102244389027432,
        "Nh\u1ea1c c\u1ee5": 0.07948877805486285,
        "Trang tr\u00ed nh\u00e0 c\u1eeda": 0.07418952618453865,
        "\u0110\u1ed3 d\u00f9ng ph\u00f2ng ng\u1ee7": 0.06608478802992519,
        "\u0110\u1ed3 d\u00f9ng & thi\u1ebft b\u1ecb nh\u00e0 t\u1eafm": 0.061408977556109724,
        "Ngo\u00e0i tr\u1eddi & s\u00e2n v\u01b0\u1eddn": 0.05517456359102244,
        "\u0110\u1ed3 th\u1edd c\u00fang": 0.02680798004987531,
        "N\u1ed9i th\u1ea5t": 0.01807980049875312
      },
      "price_bucket": {
        "low_<100k": 0.49968827930174564,
        "mid_100k_300k": 0.27618453865336656,
        "mid_high_300k_700k": 0.11814214463840399,
        "high_>700k": 0.1059850374064838
      },
      "rating_level": {
        "High": 0.7312967581047382,
        "Unknown": 0.1555486284289277,
        "Medium": 0.10349127182044887,
        "Low": 0.009663341645885287
      }
    }
  },
  "evening_weekday": {
    "count": 8146,
    "distributions": {
      "category": {
        "D\u1ee5ng c\u1ee5 nh\u00e0 b\u1ebfp": 0.18892708077584092,
        "D\u1ee5ng c\u1ee5 & Thi\u1ebft b\u1ecb ti\u1ec7n \u00edch": 0.12693346427694574,
        "S\u1eeda ch\u1eefa nh\u00e0 c\u1eeda": 0.10459121041001719,
        "\u0110\u00e8n & thi\u1ebft b\u1ecb chi\u1ebfu s\u00e1ng": 0.09464767984286766,
        "\u0110\u1ed3 d\u00f9ng ph\u00f2ng \u0103n": 0.09305180456665849,
        "Nh\u1ea1c c\u1ee5": 0.07930272526393321,
        "\u0110\u1ed3 d\u00f9ng & thi\u1ebft b\u1ecb nh\u00e0 t\u1eafm": 0.06997299287994108,
        "Ngo\u00e0i tr\u1eddi & s\u00e2n v\u01b0\u1eddn": 0.06678124232752271,
        "\u0110\u1ed3 d\u00f9ng ph\u00f2ng ng\u1ee7": 0.06518536705131353,
        "Trang tr\u00ed nh\u00e0 c\u1eeda": 0.05892462558310827,
        "\u0110\u1ed3 th\u1edd c\u00fang": 0.03081266879450037,
        "N\u1ed9i th\u1ea5t": 0.020869138227350845
      },
      "price_bucket": {
        "low_<100k": 0.47507979376381043,
        "mid_100k_300k": 0.28664375153449545,
        "mid_high_300k_700k": 0.12153204026516082,
        "high_>700k": 0.11674441443653327
      },
      "rating_level": {
        "High": 0.7283329241345445,
        "Unknown": 0.1603240854407071,
        "Medium": 0.09955806530812669,
        "Low": 0.011784925116621655
      }
    }
  },
  "evening_weekend": {
    "count": 2981,
    "distributions": {
      "category": {
        "D\u1ee5ng c\u1ee5 nh\u00e0 b\u1ebfp": 0.1969137873196914,
        "D\u1ee5ng c\u1ee5 & Thi\u1ebft b\u1ecb ti\u1ec7n \u00edch": 0.13284132841328414,
        "S\u1eeda ch\u1eefa nh\u00e0 c\u1eeda": 0.10130828581013084,
        "\u0110\u00e8n & thi\u1ebft b\u1ecb chi\u1ebfu s\u00e1ng": 0.09493458570949345,
        "\u0110\u1ed3 d\u00f9ng ph\u00f2ng \u0103n": 0.0872190540087219,
        "Nh\u1ea1c c\u1ee5": 0.0717879906071788,
        "Ngo\u00e0i tr\u1eddi & s\u00e2n v\u01b0\u1eddn": 0.07044615900704461,
        "Trang tr\u00ed nh\u00e0 c\u1eeda": 0.06440791680644078,
        "\u0110\u1ed3 d\u00f9ng ph\u00f2ng ng\u1ee7": 0.0637370010063737,
        "\u0110\u1ed3 d\u00f9ng & thi\u1ebft b\u1ecb nh\u00e0 t\u1eafm": 0.06340154310634015,
        "\u0110\u1ed3 th\u1edd c\u00fang": 0.0315330426031533,
        "N\u1ed9i th\u1ea5t": 0.02146930560214693
      },
      "price_bucket": {
        "low_<100k": 0.4750083864475008,
        "mid_100k_300k": 0.282120093928212,
        "mid_high_300k_700k": 0.1261321704126132,
        "high_>700k": 0.11673934921167393
      },
      "rating_level": {
        "High": 0.74740020127474,
        "Unknown": 0.14122777591412278,
        "Medium": 0.10097282791009728,
        "Low": 0.01039919490103992
      }
    }
  },
  "late_night_weekday": {
    "count": 4106,
    "distributions": {
      "category": {
        "D\u1ee5ng c\u1ee5 nh\u00e0 b\u1ebfp": 0.1892352654651729,
        "D\u1ee5ng c\u1ee5 & Thi\u1ebft b\u1ecb ti\u1ec7n \u00edch": 0.13248904042864101,
        "S\u1eeda ch\u1eefa nh\u00e0 c\u1eeda": 0.10107160253287871,
        "\u0110\u1ed3 d\u00f9ng ph\u00f2ng \u0103n": 0.0974184120798831,
        "\u0110\u00e8n & thi\u1ebft b\u1ecb chi\u1ebfu s\u00e1ng": 0.09035557720409157,
        "Nh\u1ea1c c\u1ee5": 0.08597174866049684,
        "\u0110\u1ed3 d\u00f9ng ph\u00f2ng ng\u1ee7": 0.07111544081831467,
        "\u0110\u1ed3 d\u00f9ng & thi\u1ebft b\u1ecb nh\u00e0 t\u1eafm": 0.06600097418412079,
        "Ngo\u00e0i tr\u1eddi & s\u00e2n v\u01b0\u1eddn": 0.05747686312713103,
        "Trang tr\u00ed nh\u00e0 c\u1eeda": 0.05528494885533366,
        "\u0110\u1ed3 th\u1edd c\u00fang": 0.0314174378957623,
        "N\u1ed9i th\u1ea5t": 0.022162688748173405
      },
      "price_bucket": {
        "low_<100k": 0.4785679493424257,
        "mid_100k_300k": 0.28494885533365805,
        "high_>700k": 0.11933755479785679,
        "mid_high_300k_700k": 0.11714564052605943
      },
      "rating_level": {
        "High": 0.7277155382367267,
        "Unknown": 0.1573307355090112,
        "Medium": 0.10301997077447637,
        "Low": 0.011933755479785679
      }
    }
  },
  "late_night_weekend": {
    "count": 1581,
    "distributions": {
      "category": {
        "D\u1ee5ng c\u1ee5 nh\u00e0 b\u1ebfp": 0.19987349778621125,
        "D\u1ee5ng c\u1ee5 & Thi\u1ebft b\u1ecb ti\u1ec7n \u00edch": 0.1454775458570525,
        "S\u1eeda ch\u1eefa nh\u00e0 c\u1eeda": 0.09867172675521822,
        "\u0110\u00e8n & thi\u1ebft b\u1ecb chi\u1ebfu s\u00e1ng": 0.08981657179000632,
        "Nh\u1ea1c c\u1ee5": 0.0866540164452878,
        "\u0110\u1ed3 d\u00f9ng ph\u00f2ng \u0103n": 0.07653383934218849,
        "\u0110\u1ed3 d\u00f9ng ph\u00f2ng ng\u1ee7": 0.06767868437697659,
        "Trang tr\u00ed nh\u00e0 c\u1eeda": 0.06325110689437065,
        "\u0110\u1ed3 d\u00f9ng & thi\u1ebft b\u1ecb nh\u00e0 t\u1eafm": 0.05945604048070841,
        "Ngo\u00e0i tr\u1eddi & s\u00e2n v\u01b0\u1eddn": 0.053763440860215055,
        "\u0110\u1ed3 th\u1edd c\u00fang": 0.03795066413662239,
        "N\u1ed9i th\u1ea5t": 0.020872865275142316
      },
      "price_bucket": {
        "low_<100k": 0.49968374446552816,
        "mid_100k_300k": 0.26691967109424414,
        "high_>700k": 0.12017710309930424,
        "mid_high_300k_700k": 0.11321948134092347
      },