{
  "afternoon_weekday_afternoon_weekday": 0.0,
  "afternoon_weekday_afternoon_weekend": 0.0005540355471092638,
  "afternoon_weekend_afternoon_weekday": 0.0005540355471092638,
  "afternoon_weekday_evening_weekday": 0.00022114409972080488,
  "evening_weekday_afternoon_weekday": 0.00022114409972080488,
  "afternoon_weekday_evening_weekend": 0.0004799141342529225,
  "evening_weekend_afternoon_weekday": 0.0004799141342529225,
  "afternoon_weekday_late_night_weekday": 0.00040331766710784524,
  "late_night_weekday_afternoon_weekday": 0.00040331766710784524,
  "afternoon_weekday_late_night_weekend": 0.0007307002861326017,
  "late_night_weekend_afternoon_weekday": 0.0007307002861326017,
  "afternoon_weekday_morning_weekday": 0.0002322579262260011,
  "morning_weekday_afternoon_weekday": 0.0002322579262260011,
  "afternoon_weekday_morning_weekend": 0.0005671465098304234,
  "morning_weekend_afternoon_weekday": 0.0005671465098304234,
  "afternoon_weekday_unknown_weekday": 0.00018328103721911492,
  "unknown_weekday_afternoon_weekday": 0.00018328103721911492,
  "afternoon_weekday_unknown_weekend": 0.0005432294852156917,
  "unknown_weekend_afternoon_weekday": 0.0005432294852156917,
  "afternoon_weekend_afternoon_weekend": 0.0,
  "afternoon_weekend_evening_weekday": 0.0004973122666643351,
  "evening_weekday_afternoon_weekend": 0.0004973122666643351,
  "afternoon_weekend_evening_weekend": 0.0005922851871273931,
  "evening_weekend_afternoon_weekend": 0.0005922851871273931,
  "afternoon_weekend_late_night_weekday": 0.0005140293396398803,
  "late_night_weekday_afternoon_weekend": 0.0005140293396398803,
  "afternoon_weekend_late_night_weekend": 0.0007487109588693319,
  "late_night_weekend_afternoon_weekend": 0.0007487109588693319,
  "afternoon_weekend_morning_weekday": 0.0005298042969137372,
  "morning_weekday_afternoon_weekend": 0.0005298042969137372,
  "afternoon_weekend_morning_weekend": 0.0007038037756666366,
  "morning_weekend_afternoon_weekend": 0.0007038037756666366,
  "afternoon_weekend_unknown_weekday": 0.0003768859512298205,
  "unknown_weekday_afternoon_weekend": 0.0003768859512298205,
  "afternoon_weekend_unknown_weekend": 0.0005065147587238595,
  "unknown_weekend_afternoon_weekend": 0.0005065147587238595,
  "evening_weekday_evening_weekday": 0.0,
  "evening_weekday_evening_weekend": 0.00027403586993732807,
  "evening_weekend_evening_weekday": 0.00027403586993732807,
  "evening_weekday_late_night_weekday": 0.000174672128356691,
  "late_night_weekday_evening_weekday": 0.000174672128356691,
  "evening_weekday_late_night_weekend": 0.0007593894542553541,
  "late_night_weekend_evening_weekday": 0.0007593894542553541,
  "evening_weekday_morning_weekday": 0.0002711880927121635,
  "morning_weekday_evening_weekday": 0.0002711880927121635,
  "evening_weekday_morning_weekend": 0.0004278814597942609,
  "morning_weekend_evening_weekday": 0.0004278814597942609,
  "evening_weekday_unknown_weekday": 0.0003453842879129732,
  "unknown_weekday_evening_weekday": 0.0003453842879129732,
  "evening_weekday_unknown_weekend": 0.0006396854385532697,
  "unknown_weekend_evening_weekday": 0.0006396854385532697,
  "evening_weekend_evening_weekend": 0.0,
  "evening_weekend_late_night_weekday": 0.0005194596853503896,
  "late_night_weekday_evening_weekend": 0.0005194596853503896,
  "evening_weekend_late_night_weekend": 0.000795107544236768,
  "late_night_weekend_evening_weekend": 0.000795107544236768,
  "evening_weekend_morning_weekday": 0.0004068040398875999,
  "morning_weekday_evening_weekend": 0.0004068040398875999,
  "evening_weekend_morning_weekend": 0.0004820540850891329,
  "morning_weekend_evening_weekend": 0.0004820540850891329,
  "evening_weekend_unknown_weekday": 0.0005911532464123223,
  "unknown_weekday_evening_weekend": 0.0005911532464123223,
  "evening_weekend_unknown_weekend": 0.000810082281175846,
  "unknown_weekend_evening_weekend": 0.000810082281175846,
  "late_night_weekday_late_night_weekday": 0.0,
  "late_night_weekday_late_night_weekend": 0.0005712070452771448,
  "late_night_weekend_late_night_weekday": 0.0005712070452771448,
  "late_night_weekday_morning_weekday": 0.0003299384606890942,
  "morning_weekday_late_night_weekday": 0.0003299384606890942,
  "late_night_weekday_morning_weekend": 0.0004453983675982574,
  "morning_weekend_late_night_weekday": 0.0004453983675982574,
  "late_night_weekday_unknown_weekday": 0.0003698933384329885,
  "unknown_weekday_late_night_weekday": 0.0003698933384329885,
  "late_night_weekday_unknown_weekend": 0.0006290471466316705,
  "unknown_weekend_late_night_weekday": 0.0006290471466316705,
  "late_night_weekend_late_night_weekend": 0.0,
  "late_night_weekend_morning_weekday": 0.0005673974132429404,
  "morning_weekday_late_night_weekend": 0.0005673974132429404,
  "late_night_weekend_morning_weekend": 0.0005384447245843879,
  "morning_weekend_late_night_weekend": 0.0005384447245843879,
  "late_night_weekend_unknown_weekday": 0.0005201808680172817,
  "unknown_weekday_late_night_weekend": 0.0005201808680172817,
  "late_night_weekend_unknown_weekend": 0.0006233744425023472,
  "unknown_weekend_late_night_weekend": 0.0006233744425023472,
  "morning_weekday_morning_weekday": 0.0,
  "morning_weekday_morning_weekend": 0.0005522659933231964,
  "morning_weekend_morning_weekday": 0.0005522659933231964,
  "morning_weekday_unknown_weekday": 0.00034824206801853516,
  "unknown_weekday_morning_weekday": 0.00034824206801853516,
  "morning_weekday_unknown_weekend": 0.0006871776059304904,
  "unknown_weekend_morning_weekday": 0.0006871776059304904,
  "morning_weekend_morning_weekend": 0.0,
  "morning_weekend_unknown_weekday": 0.0005727163290911974,
  "unknown_weekday_morning_weekend": 0.0005727163290911974,
  "morning_weekend_unknown_weekend": 0.0006609918650335533,
  "unknown_weekend_morning_weekend": 0.0006609918650335533,
  "unknown_weekday_unknown_weekday": 0.0,
  "unknown_weekday_unknown_weekend": 0.00040363074872336535,
  "unknown_weekend_unknown_weekday": 0.00040363074872336535,
  "unknown_weekend_unknown_weekend": 0.0
}