{
  "full_model": {
    "gamma": 0.05,
    "lambda": 0.001,
    "best_val_auc": 0.9287891628303351,
    "test_auc": 0.9329734277384424,
    "test_ap": 0.7557777761423418,
    "test_loss": 0.25495845879921714
  },
  "without_js_loss": {
    "gamma": 0.0,
    "lambda": 0.001,
    "best_val_auc": 0.9239530216660126,
    "test_auc": 0.9257932788421492,
    "test_ap": 0.719669963882357,
    "test_loss": 0.2633774870174983
  },
  "without_ind_loss": {
    "gamma": 0.05,
    "lambda": 0.0,
    "best_val_auc": 0.9292753738546071,
    "test_auc": 0.930082783215327,
    "test_ap": 0.7505003512911607,
    "test_loss": 0.2560403460038549
  },
  "only_rec_loss": {
    "gamma": 0.0,
    "lambda": 0.0,
    "best_val_auc": 0.930645628626076,
    "test_auc": 0.9309814660558101,
    "test_ap": 0.7508993392898037,
    "test_loss": 0.2550783485427071
  }
}