{
  "ranking_metrics": {
    "Precision@5": 0.08139999999999999,
    "Recall@5": 0.11633333333333334,
    "F1@5": 0.09311507936507939,
    "NDCG@5": 0.10023138947583785,
    "Precision@10": 0.0839,
    "Recall@10": 0.24251666666666666,
    "F1@10": 0.12202271062271063,
    "NDCG@10": 0.1586333317856782,
    "Precision@20": 0.08180000000000001,
    "Recall@20": 0.47226666666666667,
    "F1@20": 0.13749573122529646,
    "NDCG@20": 0.24299161601856184,
    "MRR": 0.23217759754435452
  },
  "rating_metrics": {
    "RMSE": 0.37267466748448985,
    "MAE": 0.270354762363419,
    "NMAE": 0.06758869059085475
  },
  "note": "Simulated results for demonstration. Replace with actual model predictions for real evaluation."
}